confidence_threshold,games_bet,accuracy,correct_bets,wrong_bets,profit,roi_percent
0.55,230,0.6782608695652174,156,74,7460,32.43478260869565
0.6,173,0.7052023121387283,122,51,6590,38.092485549132945
0.65,132,0.7272727272727273,96,36,5640,42.72727272727273
0.7,90,0.7444444444444445,67,23,4170,46.33333333333333
