threshold,games_bet,accuracy,correct_bets,wrong_bets,profit,roi_percent
0.55,224,0.6875,154,70,7700,34.375
0.6,167,0.7065868263473054,118,49,6410,38.38323353293413
0.65,112,0.7321428571428571,82,30,4900,43.75
0.7,69,0.7391304347826086,51,18,3120,45.21739130434783
