threshold,games_bet,accuracy,correct_bets,wrong_bets,profit,roi_percent
0.55,221,0.6515837104072398,144,77,5930,26.832579185520363
0.6,155,0.6903225806451613,107,48,5420,34.96774193548387
0.65,106,0.7169811320754716,76,30,4300,40.56603773584906
0.7,61,0.7704918032786885,47,14,3160,51.80327868852459
